Company Name,Date,Positive,Neutral,Negative
Seven & i Holdings Co Ltd,20181101,9813,70,3031
Seven & i Holdings Co Ltd,20181102,20704,182,5617
Seven & i Holdings Co Ltd,20181103,31929,221,7553
Seven & i Holdings Co Ltd,20181104,45781,248,9183
Seven & i Holdings Co Ltd,20181105,57062,305,11002
Seven & i Holdings Co Ltd,20181106,67294,358,13130
Seven & i Holdings Co Ltd,20181107,78110,426,15600
Seven & i Holdings Co Ltd,20181108,89418,502,18010
Seven & i Holdings Co Ltd,20181109,100048,553,20571
Seven & i Holdings Co Ltd,20181110,111030,619,23015
Seven & i Holdings Co Ltd,20181111,120776,640,25262
Seven & i Holdings Co Ltd,20181112,130345,724,27814
Seven & i Holdings Co Ltd,20181113,139736,1136,31152
Seven & i Holdings Co Ltd,20181114,148604,1736,34452
Seven & i Holdings Co Ltd,20181115,157589,1762,37184
Seven & i Holdings Co Ltd,20181116,168003,1803,40955
Seven & i Holdings Co Ltd,20181117,178273,1838,43867
Seven & i Holdings Co Ltd,20181118,186438,1873,46791
Seven & i Holdings Co Ltd,20181119,195212,1888,49383
Seven & i Holdings Co Ltd,20181120,203830,1936,52278
Seven & i Holdings Co Ltd,20181121,212823,1983,55437
Seven & i Holdings Co Ltd,20181122,220874,2024,58393
Seven & i Holdings Co Ltd,20181123,229770,2047,61542
Seven & i Holdings Co Ltd,20181124,238248,2067,64243
Seven & i Holdings Co Ltd,20181125,246030,2097,66480
Seven & i Holdings Co Ltd,20181126,254218,2122,68654
Seven & i Holdings Co Ltd,20181127,261519,2548,71415
Seven & i Holdings Co Ltd,20181128,268434,3105,74440
Seven & i Holdings Co Ltd,20181129,275254,3550,77760
Seven & i Holdings Co Ltd,20181130,283800,3583,81216
