Company Name,Date,Positive,Neutral,Negative
Hitachi Ltd,20181101,3105,7,471
Hitachi Ltd,20181102,6201,22,1006
Hitachi Ltd,20181103,9514,35,1399
Hitachi Ltd,20181104,12316,42,1690
Hitachi Ltd,20181105,15923,62,2144
Hitachi Ltd,20181106,19164,74,2597
Hitachi Ltd,20181107,22261,85,3147
Hitachi Ltd,20181108,25450,98,3646
Hitachi Ltd,20181109,28290,108,4170
Hitachi Ltd,20181110,31443,131,4823
Hitachi Ltd,20181111,34016,133,5275
Hitachi Ltd,20181112,36665,143,5732
Hitachi Ltd,20181113,39440,148,6403
Hitachi Ltd,20181114,41993,152,7175
Hitachi Ltd,20181115,44621,158,7848
Hitachi Ltd,20181116,48332,173,8641
Hitachi Ltd,20181117,51047,177,9320
Hitachi Ltd,20181118,53181,181,9919
Hitachi Ltd,20181119,55775,184,10559
Hitachi Ltd,20181120,58497,190,11196
Hitachi Ltd,20181121,60961,198,11799
Hitachi Ltd,20181122,63317,205,12362
Hitachi Ltd,20181123,65973,214,13042
Hitachi Ltd,20181124,68425,214,13673
Hitachi Ltd,20181125,70432,219,14214
Hitachi Ltd,20181126,73613,228,14765
Hitachi Ltd,20181127,75705,230,15231
Hitachi Ltd,20181128,77917,241,15825
Hitachi Ltd,20181129,80372,250,16502
Hitachi Ltd,20181130,83048,255,17240
