Company Name,Date,Positive,Neutral,Negative
Takeda Pharmaceutical Co Ltd,20181101,6636,29,890
Takeda Pharmaceutical Co Ltd,20181102,13372,72,1946
Takeda Pharmaceutical Co Ltd,20181103,20472,103,2834
Takeda Pharmaceutical Co Ltd,20181104,31274,123,3501
Takeda Pharmaceutical Co Ltd,20181105,38759,171,4345
Takeda Pharmaceutical Co Ltd,20181106,45397,198,5191
Takeda Pharmaceutical Co Ltd,20181107,51948,228,6356
Takeda Pharmaceutical Co Ltd,20181108,59010,268,7563
Takeda Pharmaceutical Co Ltd,20181109,65875,300,8771
Takeda Pharmaceutical Co Ltd,20181110,72692,324,10098
Takeda Pharmaceutical Co Ltd,20181111,78795,336,11071
Takeda Pharmaceutical Co Ltd,20181112,84608,365,11985
Takeda Pharmaceutical Co Ltd,20181113,90736,378,13442
Takeda Pharmaceutical Co Ltd,20181114,96388,394,15289
Takeda Pharmaceutical Co Ltd,20181115,101985,407,16821
Takeda Pharmaceutical Co Ltd,20181116,108999,434,18791
Takeda Pharmaceutical Co Ltd,20181117,115263,444,20447
Takeda Pharmaceutical Co Ltd,20181118,120531,462,21920
Takeda Pharmaceutical Co Ltd,20181119,126137,468,23252
Takeda Pharmaceutical Co Ltd,20181120,131728,486,24757
Takeda Pharmaceutical Co Ltd,20181121,137425,505,26251
Takeda Pharmaceutical Co Ltd,20181122,142526,520,27693
Takeda Pharmaceutical Co Ltd,20181123,148336,527,29126
Takeda Pharmaceutical Co Ltd,20181124,153873,532,30382
Takeda Pharmaceutical Co Ltd,20181125,158799,541,31440
Takeda Pharmaceutical Co Ltd,20181126,164484,554,32453
Takeda Pharmaceutical Co Ltd,20181127,169543,574,33728
Takeda Pharmaceutical Co Ltd,20181128,174409,591,35072
Takeda Pharmaceutical Co Ltd,20181129,179439,608,36556
Takeda Pharmaceutical Co Ltd,20181130,185072,623,38219
